Entity,Status,Domain,Purpose,PrimaryKey,ForeignKeys,UserScoped,CanonicalOwner,CurrentStorage,TargetStorage,OfflineCache,ConflictStrategy,AIVisibility,Sensitivity,MigrationSource,MigrationTarget,SecurityRequirement,Evidence
User,KEEP,Identity & Access,Primary account identity & authentication,id (UUID),None,Yes,PostgreSQL,Prisma DB / In-Memory,PostgreSQL User Table,Yes,VERSIONED,FULL (Name/ID),CRITICAL,Prisma User / inMemoryUsers,PostgreSQL User,Mandatory JWT requireAuth middleware,User interface in types.ts & server.ts auth
JourneyProfile,KEEP,Maternal Journey,Tracks maternal stage LMP EDD week & preconception/postpartum details,id (UUID),userId -> User(id),Yes,PostgreSQL,Prisma JourneyProfile,PostgreSQL JourneyProfile,Yes,VERSIONED,FULL,HIGH,Prisma JourneyProfile / AppState,PostgreSQL JourneyProfile,Mandatory JWT requireAuth middleware,UserProfile in types.ts & schema.prisma
PreconceptionCycleLog,NEW,Preconception,Daily cervical mucus LH test BBT intercourse observations,id (UUID),userId -> User(id),Yes,PostgreSQL,localStorage (bloom_pre_cycleLogs),PostgreSQL PreconceptionCycleLog,Yes,LWW,FULL,CRITICAL,localStorage bloom_pre_cycleLogs,PostgreSQL PreconceptionCycleLog,Mandatory JWT requireAuth middleware,PreconceptionCycleLab.tsx & CycleJourneyPage.tsx
PreconceptionSupplementLog,NEW,Preconception,Daily folate & vitamin supplement adherence,id (UUID),userId -> User(id),Yes,PostgreSQL,localStorage (bloom_pre_folateStreak),PostgreSQL PreconceptionSupplementLog,Yes,LWW,FULL,MEDIUM,localStorage bloom_pre_folateStreak,PostgreSQL PreconceptionSupplementLog,Mandatory JWT requireAuth middleware,PreconceptionNutrition.tsx
HealthVitalLog,KEEP,Pregnancy & Health,General vital signs (BP pulse weight temperature waterMl),id (UUID),userId -> User(id),Yes,PostgreSQL,Prisma HealthVitalLog,PostgreSQL HealthVitalLog,Yes (30 Days),APPEND_ONLY,FULL,CRITICAL,Prisma HealthVitalLog / AppContext,PostgreSQL HealthVitalLog,Mandatory JWT requireAuth middleware,healthVitalsService.ts & schema.prisma
BloodSugarLog,KEEP,Pregnancy & Health,Single canonical owner for discrete gestational glucose logs,id (UUID),userId -> User(id),Yes,PostgreSQL,Prisma BloodSugarLog,PostgreSQL BloodSugarLog,Yes,APPEND_ONLY,FULL,CRITICAL,Prisma BloodSugarLog,PostgreSQL BloodSugarLog,Mandatory JWT requireAuth middleware,schema.prisma & HealthTrackerPage.tsx
KickSession,NEW,Pregnancy & Health,Single canonical owner for timed fetal kick counting sessions,id (UUID),userId -> User(id),Yes,PostgreSQL,IndexedDB (kickSessions),PostgreSQL KickSession,Yes,APPEND_ONLY,FULL,HIGH,IndexedDB kickSessions,PostgreSQL KickSession,Mandatory JWT requireAuth middleware,KickSession in types.ts & KickCounterPage.tsx
ContractionLog,NEW,Pregnancy & Health,Single canonical owner for labor contraction timer events,id (UUID),userId -> User(id),Yes,PostgreSQL,IndexedDB (contractions),PostgreSQL ContractionLog,Yes,APPEND_ONLY,FULL,HIGH,IndexedDB contractions,PostgreSQL ContractionLog,Mandatory JWT requireAuth middleware,ContractionLog in types.ts & ContractionTimerPage.tsx
Medication,NEW,Pregnancy & Health,Prescribed prenatal medications & supplement schedules,id (UUID),userId -> User(id),Yes,PostgreSQL,IndexedDB (medicines),PostgreSQL Medication,Yes,VERSIONED,FULL,CRITICAL,IndexedDB medicines,PostgreSQL Medication,Mandatory JWT requireAuth middleware,Medicine in types.ts & MedicinePage.tsx
MedicationAdherenceLog,NEW,Pregnancy & Health,Daily adherence logs for prescribed medications,id (UUID),medicationId -> Medication(id),Yes,PostgreSQL,IndexedDB (isTakenToday),PostgreSQL MedicationAdherenceLog,Yes,LWW,FULL,HIGH,IndexedDB isTakenToday,PostgreSQL MedicationAdherenceLog,Mandatory JWT requireAuth middleware,toggleMedicineTaken in AppContext.tsx
Appointment,NEW,Pregnancy & Health,Prenatal doctor visits & hospital appointments,id (UUID),userId -> User(id),Yes,PostgreSQL,IndexedDB (appointments),PostgreSQL Appointment,Yes,VERSIONED,FULL,HIGH,IndexedDB appointments,PostgreSQL Appointment,Mandatory JWT requireAuth middleware,Appointment in types.ts & TimelinePage.tsx
BirthPlan,NEW,Pregnancy & Health,Single canonical owner for birth preferences & delivery choices,id (UUID),userId -> User(id),Yes,PostgreSQL,IndexedDB (user.birthPlan),PostgreSQL BirthPlan,Yes,VERSIONED,FULL,HIGH,IndexedDB user.birthPlan,PostgreSQL BirthPlan,Mandatory JWT requireAuth middleware,BirthPlanPreference in types.ts & BirthPlanPage.tsx
HospitalBagItem,NEW,Pregnancy & Health,Hospital bag packing checklist items,id (UUID),userId -> User(id),Yes,PostgreSQL,IndexedDB (hospitalBag),PostgreSQL HospitalBagItem,Yes,SPECIAL_RULE,PARTIAL,LOW,IndexedDB hospitalBag,PostgreSQL HospitalBagItem,Mandatory JWT requireAuth middleware,HospitalBagItem in types.ts & HospitalBagPage.tsx
MoodLog,KEEP,Pregnancy & Health,Single canonical owner for daily emotional mood & sleep quality,id (UUID),userId -> User(id),Yes,PostgreSQL,IndexedDB (moodLogs) / AppState,PostgreSQL MoodLog,Yes,LWW,FULL,CRITICAL,IndexedDB moodLogs / AppState.moodLogs,PostgreSQL MoodLog,Mandatory JWT requireAuth middleware,MoodLog in types.ts & MoodTrackerPage.tsx
JournalEntry,NEW,Pregnancy & Health,Maternal journal entries & single photo attachments,id (UUID),userId -> User(id),Yes,PostgreSQL,IndexedDB (journalEntries) / AppState,PostgreSQL JournalEntry,Yes,VERSIONED,FULL,HIGH,IndexedDB journalEntries,PostgreSQL JournalEntry,Mandatory JWT requireAuth middleware,JournalEntry in types.ts & JournalPage.tsx
UserBabyNameFavorite,NEW,Pregnancy & Health,Favorited baby names shortlist,id (UUID),userId -> User(id),Yes,PostgreSQL,IndexedDB (babyNames),PostgreSQL UserBabyNameFavorite,Yes,LWW,PARTIAL,LOW,IndexedDB babyNames,PostgreSQL UserBabyNameFavorite,Mandatory JWT requireAuth middleware,BabyName in types.ts & BabyNamesPage.tsx
MedicalReportAttachment,NEW,Medical,Metadata & object storage path for scan PDF/image uploads,id (UUID),userId -> User(id),Yes,PostgreSQL + S3,IndexedDB (scanReports),PostgreSQL + S3 Storage,Yes (Thumbnails),APPEND_ONLY,FULL,CRITICAL,IndexedDB scanReports,PostgreSQL + S3 Storage,Strict file authorization endpoint req.user.id check,ScanReportAttachment in types.ts & ScanReportUploadModal.tsx
ExtractedBiomarker,NEW,Medical,OCR extracted structured clinical values from lab/scan reports,id (UUID),attachmentId -> Attachment(id),Yes,PostgreSQL,React State,PostgreSQL ExtractedBiomarker,Yes,LWW,FULL,CRITICAL,React State / OCR scan extract,PostgreSQL ExtractedBiomarker,Mandatory JWT requireAuth middleware,ExtractedMedicalField in types.ts & server.ts OCR
EmergencyContact,NEW,Care Circle,Emergency contacts for one-tap SOS dialing,id (UUID),userId -> User(id),Yes,PostgreSQL,IndexedDB (emergencyContacts),PostgreSQL EmergencyContact,Yes (Protected Local Mirror),VERSIONED,FULL,HIGH,IndexedDB emergencyContacts,PostgreSQL EmergencyContact,Mandatory JWT requireAuth middleware,EmergencyContact in types.ts & EmergencyContactsPage.tsx
AgentMemory,KEEP,AI Swarm,Extracted long-term AI memory facts & context summaries,id (UUID),userId -> User(id),Yes,PostgreSQL,Prisma AgentMemory,PostgreSQL AgentMemory,Yes,APPEND_ONLY,FULL,HIGH,Prisma AgentMemory,PostgreSQL AgentMemory,Mandatory JWT requireAuth middleware,AgentMemory model in schema.prisma & MaternalMemoryService.ts
AgentRun,KEEP,AI Swarm,AI agent execution traces & safety audit logs,id (UUID),userId -> User(id),System,PostgreSQL,Prisma AgentRun,PostgreSQL AgentRun,No,APPEND_ONLY,PARTIAL,HIGH,Prisma AgentRun,PostgreSQL AgentRun,Mandatory JWT requireAuth middleware,AgentRun model in schema.prisma & agentOrchestrator.ts
TimelineTaskState,NEW,Application,Gestational week checklist completion states,id (UUID),userId -> User(id),Yes,PostgreSQL,localStorage (bloomnest_timeline_tasks_v1),PostgreSQL TimelineTaskState,Yes,SPECIAL_RULE,PARTIAL,LOW,localStorage bloomnest_timeline_tasks_v1,PostgreSQL TimelineTaskState,Mandatory JWT requireAuth middleware,TimelinePage.tsx
AppNotification,NEW,Application,App notification drawer history & read status,id (UUID),userId -> User(id),Yes,PostgreSQL,IndexedDB (notifications),PostgreSQL AppNotification,Yes,LWW,NONE,LOW,IndexedDB notifications,PostgreSQL AppNotification,Mandatory JWT requireAuth middleware,AppNotification in types.ts & AppContext.tsx
Translation,KEEP,Application,Key-value i18n translation strings,id (Int),None,System,PostgreSQL,Prisma Translation,PostgreSQL Translation,Yes (App Bundle),VERSIONED,NONE,LOW,Prisma Translation,PostgreSQL Translation,Public read / Admin write,Translation model in schema.prisma & server.ts
UserPreferences,MERGE,Identity & Access,Preferences are scalar fields on User (preferredLanguage theme isAudioMuted),None,None,Yes,PostgreSQL,localStorage / User,User Table fields,Yes,VERSIONED,PARTIAL,LOW,localStorage / User,User Table fields,Mandatory JWT requireAuth middleware,Merged into User entity to avoid unnecessary 1:1 join overhead
AuthSession,SYSTEM / STATIC DATA,Identity & Access,Handled statelessly via JWT token headers,None,None,System,PostgreSQL,In-Memory / HTTP Header,JWT Stateless Token,Yes,SPECIAL_RULE,NONE,CRITICAL,JWT Tokens,JWT Stateless Token,Mandatory JWT signature verification,Handled by Express JWT authMiddleware
OnboardingState,MERGE,Identity & Access,Onboarding state is scalar field hasCompletedOnboarding on User,None,None,Yes,PostgreSQL,IndexedDB / User,User Table field,Yes,VERSIONED,PARTIAL,LOW,IndexedDB / User,User Table field,Mandatory JWT requireAuth middleware,Merged into User entity (User.hasCompletedOnboarding)
PrePregnancyDetails,MERGE,Maternal Journey,Pre-conception details are scalar/JSON fields on JourneyProfile,None,None,Yes,PostgreSQL,localStorage / JourneyProfile,JourneyProfile fields,Yes,VERSIONED,FULL,HIGH,localStorage / JourneyProfile,JourneyProfile fields,Mandatory JWT requireAuth middleware,Merged into JourneyProfile entity (cycleLengthDays periodDurationDays etc)
PostpartumDetails,MERGE,Maternal Journey,Postpartum birth details are scalar fields on JourneyProfile,None,None,Yes,PostgreSQL,IndexedDB / JourneyProfile,JourneyProfile fields,Yes,VERSIONED,FULL,HIGH,IndexedDB / JourneyProfile,JourneyProfile fields,Mandatory JWT requireAuth middleware,Merged into JourneyProfile entity (babyDob babyName babyGender)
AppState (Legacy),LEGACY / REMOVE,System,Legacy single-row JSON container (id=1),id (Int),None,Yes,PostgreSQL,Prisma AppState,DEPRECATED & REMOVED,No,SPECIAL_RULE,NONE,HIGH,Prisma AppState (id=1),Exploded into relational entities,Migrated to relational tables,Deprecated and replaced by normalized PostgreSQL tables
